{
  "seed_results": [
    {
      "seed": 42,
      "forget_acc": 0.0,
      "retain_acc": 0.3863232731819153,
      "mia_classic": {
        "A1_loss_threshold": 0.5567868430378465,
        "A2_conf_threshold": 0.5566050235410684,
        "A3_entropy_threshold": 0.5571260369280171,
        "A4_logit_lr": 0.5992488554918312,
        "A5_rep_knn": 0.7991273532028148,
        "A7_margin_label": 0.5559732116381836,
        "A8_shadow_feature": 0.5571412247141442
      },
      "mia_neural": 0.5628156709023715,
      "mia_query_adapt": 0.46965436938142313,
      "attr_acc": null,
      "prop_auc": null,
      "inv_acc": null,
      "cka": {
        "Image-Image": 0.9999999403953552,
        "Text-Text": 1.0,
        "Fused-Fused": 1.0000001192092896,
        "Image-Text": 0.0012465050676837564,
        "Fused-Image": 0.0013337142299860716,
        "Fused-Text": 0.8313751220703125
      },
      "dist_to_retr": {
        "logits_mse_all": 25.91312026977539,
        "embeds_mse_all": 1.0519028902053833,
        "logits_mse_forget": 48.650211334228516,
        "embeds_mse_forget": 0.9914672374725342,
        "logits_mse_retain": 19.687009811401367,
        "embeds_mse_retain": 1.0684518814086914
      },
      "privacy_cache": {
        "forget_outputs_npz": "C:\\Users\\34998855\\AppData\\Roaming\\JetBrains\\PyCharm2025.1\\extensions\\com.intellij.database\\mu_align\\experiments\\..\\results\\privacy_cache\\vqa_v2_20k_SCRUB_seed42_forget_outputs.npz",
        "member_mask_npy": "C:\\Users\\34998855\\AppData\\Roaming\\JetBrains\\PyCharm2025.1\\extensions\\com.intellij.database\\mu_align\\experiments\\..\\results\\privacy_cache\\vqa_v2_20k_seed42_member_mask.npy"
      }
    },
    {
      "seed": 123,
      "forget_acc": 1.0,
      "retain_acc": 0.09478390216827393,
      "mia_classic": {
        "A1_loss_threshold": 0.5500086645799218,
        "A2_conf_threshold": 0.5500086645799218,
        "A3_entropy_threshold": 0.5494456178358718,
        "A4_logit_lr": 0.5925855649909912,
        "A5_rep_knn": 0.7948147470546466,
        "A7_margin_label": 0.5103392288705011,
        "A8_shadow_feature": 0.5498406562619251
      },
      "mia_neural": 0.5523707437892773,
      "mia_query_adapt": 0.48714079731041776,
      "attr_acc": null,
      "prop_auc": null,
      "inv_acc": null,
      "cka": {
        "Image-Image": 1.0000001192092896,
        "Text-Text": 1.0,
        "Fused-Fused": 0.9999998807907104,
        "Image-Text": 0.001894080894999206,
        "Fused-Image": 0.002761309267953038,
        "Fused-Text": 0.8381795287132263
      },
      "dist_to_retr": {
        "logits_mse_all": 23.74504280090332,
        "embeds_mse_all": 0.9295809864997864,
        "logits_mse_forget": 48.069454193115234,
        "embeds_mse_forget": 0.8426428437232971,
        "logits_mse_retain": 17.118362426757812,
        "embeds_mse_retain": 0.9532654285430908
      },
      "privacy_cache": {
        "forget_outputs_npz": "C:\\Users\\34998855\\AppData\\Roaming\\JetBrains\\PyCharm2025.1\\extensions\\com.intellij.database\\mu_align\\experiments\\..\\results\\privacy_cache\\vqa_v2_20k_SCRUB_seed123_forget_outputs.npz",
        "member_mask_npy": "C:\\Users\\34998855\\AppData\\Roaming\\JetBrains\\PyCharm2025.1\\extensions\\com.intellij.database\\mu_align\\experiments\\..\\results\\privacy_cache\\vqa_v2_20k_seed123_member_mask.npy"
      }
    },
    {
      "seed": 5508,
      "forget_acc": 0.99227374792099,
      "retain_acc": 0.10144927352666855,
      "mia_classic": {
        "A1_loss_threshold": 0.5225122066706251,
        "A2_conf_threshold": 0.523235878474515,
        "A3_entropy_threshold": 0.5190206872634346,
        "A4_logit_lr": 0.5799841253438098,
        "A5_rep_knn": 0.7916117125653829,
        "A7_margin_label": 0.5290156195173614,
        "A8_shadow_feature": 0.5183434308757684
      },
      "mia_neural": 0.5292071195993912,
      "mia_query_adapt": 0.51811135379465,
      "attr_acc": null,
      "prop_auc": null,
      "inv_acc": null,
      "cka": {
        "Image-Image": 0.9999999403953552,
        "Text-Text": 0.9999999403953552,
        "Fused-Fused": 1.0000001192092896,
        "Image-Text": 0.0005701083573512733,
        "Fused-Image": 0.0006220559007488191,
        "Fused-Text": 0.659728467464447
      },
      "dist_to_retr": {
        "logits_mse_all": 19.35315704345703,
        "embeds_mse_all": 1.1226826906204224,
        "logits_mse_forget": 34.5718879699707,
        "embeds_mse_forget": 1.1044679880142212,
        "logits_mse_retain": 15.190061569213867,
        "embeds_mse_retain": 1.1276652812957764
      },
      "privacy_cache": {
        "forget_outputs_npz": "C:\\Users\\34998855\\AppData\\Roaming\\JetBrains\\PyCharm2025.1\\extensions\\com.intellij.database\\mu_align\\experiments\\..\\results\\privacy_cache\\vqa_v2_20k_SCRUB_seed5508_forget_outputs.npz",
        "member_mask_npy": "C:\\Users\\34998855\\AppData\\Roaming\\JetBrains\\PyCharm2025.1\\extensions\\com.intellij.database\\mu_align\\experiments\\..\\results\\privacy_cache\\vqa_v2_20k_seed5508_member_mask.npy"
      }
    }
  ],
  "aggregate": {
    "forget_acc": {
      "mean": 0.6640912493069967,
      "std": 0.5751328666468235
    },
    "retain_acc": {
      "mean": 0.19418548295895258,
      "std": 0.16642957855399004
    },
    "mia_neural": {
      "mean": 0.5481311780970133,
      "std": 0.017200701093720915
    },
    "mia_query_adapt": {
      "mean": 0.4916355068288303,
      "std": 0.024539185904326764
    },
    "inv_acc": {
      "mean": null,
      "std": null
    },
    "prop_auc": {
      "mean": null,
      "std": null
    },
    "attr_acc": {
      "mean": null,
      "std": null
    },
    "dist_to_retr": {
      "logits_mse_all": {
        "mean": 23.003773371378582,
        "std": 3.3422132873326986
      },
      "embeds_mse_all": {
        "mean": 1.0347221891085308,
        "std": 0.09769057990004949
      },
      "logits_mse_forget": {
        "mean": 43.763851165771484,
        "std": 7.965768026935984
      },
      "embeds_mse_forget": {
        "mean": 0.9795260230700175,
        "std": 0.13132039444349822
      },
      "logits_mse_retain": {
        "mean": 17.331811269124348,
        "std": 2.2560598794045834
      },
      "embeds_mse_retain": {
        "mean": 1.0497941970825195,
        "std": 0.08868432244963542
      }
    }
  }
}