{
  "vqa_v2_20k": {
    "RETR": {
      "forget_acc": {
        "mean": 0.0,
        "std": 0.0
      },
      "retain_acc": {
        "mean": 0.39608627557754517,
        "std": 0.0038733510650196994
      },
      "seeds": [
        42,
        123,
        5508
      ]
    },
    "MU_ALIGN": {
      "forget_acc": {
        "mean": 0.0,
        "std": 0.0
      },
      "retain_acc": {
        "mean": 0.4198274811108907,
        "std": 0.002220638411670532
      },
      "seeds": [
        42,
        123,
        5508
      ]
    },
    "SCRUB": {
      "forget_acc": {
        "mean": 0.0007207207381725311,
        "std": 0.001019253042607142
      },
      "retain_acc": {
        "mean": 0.38244234522183734,
        "std": 0.008188270113450349
      },
      "seeds": [
        42,
        123,
        5508
      ]
    }
  }
}